{"1": [28.050910987945777, 28.050910987945777, 27.97804672563231, 27.97804672563231, 27.97804672563231, 27.97804672563231, 27.914653536242433, 27.914653536242433, 27.914653536242433, 27.914653536242433, 27.904758811059732, 27.904758811059732, 27.904758811059732, 27.904758811059732, 27.912770354439797, 27.91253301242265, 27.91253301242265, 27.91253301242265, 27.91253301242265, 27.91583784629621, 27.91583784629621, 27.91583784629621, 27.91583784629621, 27.94249018115351, 27.94249018115351, 27.94249018115351, 27.94249018115351, 28.00041071684557, 28.00041071684557, 28.00041071684557, 28.00041071684557, 27.995433252878527, 28.013998070616076, 28.013998070616076, 28.013998070616076, 28.013998070616076, 28.01392393977266, 28.01392393977266, 28.01392393977266, 28.01392393977266, 28.02951556854705, 28.022938764526387, 28.022938764526387, 28.022938764526387, 28.022938764526387, 28.01034856807454, 28.01034856807454, 28.01034856807454, 28.01034856807454, 28.016015502453158, 28.016015502453158, 28.016015502453158, 28.016015502453158, 28.022027100783532, 28.022027100783532, 28.022027100783532, 28.022027100783532, 28.03118503001512, 28.03118503001512, 28.03118503001512, 28.028837210883417, 28.028837210883417, 28.028837210883417, 28.028837210883417, 28.027789561502697, 28.027789561502697, 28.027789561502697, 28.027789561502697, 28.024932638661696, 28.024932638661696, 28.024932638661696, 28.024932638661696, 27.9848117383119, 27.9848117383119, 27.9848117383119, 27.9848117383119, 27.97844613172537, 27.97844613172537, 27.97844613172537, 27.97844613172537, 28.001186369326643, 28.001186369326643, 28.001186369326643, 28.001186369326643, 28.01961538740911, 28.01961538740911, 28.01961538740911, 28.01961538740911, 28.053136225964067, 28.053136225964067, 28.053136225964067], "2": [28.03143631521662, 28.022151373873054, 28.022151373873054, 28.022151373873054, 28.022151373873054, 28.01336298401123, 28.01336298401123, 28.01336298401123, 28.01336298401123, 27.999556439859564, 27.999556439859564, 27.999556439859564, 27.999556439859564, 28.00049900740508, 28.00049900740508, 28.00049900740508, 28.00049900740508, 27.999250911413824, 27.999250911413824, 27.999250911413824, 27.999250911413824, 27.9938897406775, 27.9938897406775, 27.9938897406775, 27.9938897406775, 28.012945433370824, 28.012945433370824, 28.012945433370824, 28.012945433370824, 28.028262297950832, 28.028262297950832, 28.028262297950832, 28.028262297950832, 28.032806480611697, 28.032806480611697, 28.032806480611697, 28.032806480611697, 28.043552577238327, 28.043552577238327, 28.043552577238327, 28.043552577238327, 28.062630227245428, 28.062630227245428, 28.062630227245428, 28.062630227245428, 28.060161743076875, 28.060161743076875, 28.060161743076875, 28.060161743076875, 28.047499821416384, 28.047499821416384, 28.047499821416384, 28.047499821416384, 28.007226805423233, 28.007226805423233, 28.007226805423233, 28.007226805423233, 28.010358590652128, 28.010358590652128, 28.010358590652128, 28.010358590652128, 28.034739500109712, 28.034739500109712, 28.034739500109712, 28.034739500109712, 28.025968804316634, 28.025968804316634, 28.025968804316634, 28.025968804316634, 28.032207456077572, 28.032207456077572, 28.032207456077572, 28.032207456077572, 28.02513793877975, 28.02513793877975, 28.02513793877975, 28.02513793877975, 28.032769377019974, 28.032769377019974, 28.032769377019974, 28.032769377019974, 28.03122334822656, 28.03122334822656, 28.03122334822656, 28.03122334822656, 28.03971006788819, 28.03971006788819, 28.03971006788819, 28.03971006788819, 28.02792970801166, 28.02792970801166, 28.02792970801166, 28.02792970801166, 28.01416957949681, 28.01416957949681, 28.01416957949681, 28.01416957949681, 28.014461722913488, 28.014461722913488, 28.014461722913488, 28.014461722913488, 28.01807942088244, 28.01807942088244, 28.01807942088244, 28.01807942088244, 28.04682185373839, 28.04682185373839, 28.04682185373839, 28.04682185373839, 28.037099859676985, 28.037099859676985, 28.037099859676985, 28.037099859676985, 28.03680471382299, 28.03680471382299, 28.03680471382299, 28.03680471382299, 28.015802311261112, 28.015802311261112, 28.015802311261112, 28.015802311261112, 28.012442077708954, 28.012442077708954, 28.012442077708954, 28.012442077708954, 28.041141193654205, 28.041141193654205, 28.041141193654205, 28.041141193654205, 28.021035494615436, 28.021035494615436, 28.021035494615436, 28.021035494615436, 28.03149551550829, 28.03149551550829, 28.03149551550829, 28.03149551550829, 28.01456547036289, 28.01456547036289, 28.01456547036289, 28.01456547036289, 28.046264027343632, 28.046264027343632, 28.046264027343632, 28.046264027343632, 28.015780282917035, 28.015780282917035, 28.015780282917035, 28.015780282917035, 28.010373257880534, 28.010373257880534, 28.010373257880534, 28.010373257880534, 28.0272700034884, 28.0272700034884, 28.0272700034884, 28.0272700034884, 28.01851681352997, 28.01851681352997, 28.01851681352997, 28.01851681352997, 28.0338278138478, 28.0338278138478, 28.0338278138478, 28.0338278138478, 28.02536679730381, 28.02536679730381, 28.02536679730381, 28.02536679730381, 28.026576292881206, 28.026576292881206, 28.026576292881206, 28.026576292881206, 28.022635263923362, 28.022635263923362, 28.022635263923362, 28.022635263923362, 28.01906398370962, 28.01906398370962, 28.01906398370962, 28.01906398370962, 28.01925822855827, 28.01925822855827, 28.01925822855827, 28.01925822855827, 28.03061889327759, 28.03061889327759, 28.03061889327759, 28.03061889327759, 28.04140191904553, 28.04140191904553, 28.04140191904553, 28.04140191904553, 28.025810076355793, 28.025810076355793, 28.025810076355793, 28.025810076355793, 28.02138593756036, 28.02138593756036, 28.02138593756036, 28.02138593756036, 28.029953868984833, 28.029953868984833, 28.029953868984833, 28.029953868984833, 28.027463388628465, 28.027463388628465, 28.027463388628465, 28.027463388628465, 28.031075726718374, 28.031075726718374, 28.031075726718374, 28.031075726718374, 28.02911291133318, 28.02911291133318, 28.02911291133318, 28.02911291133318, 28.00149496142691, 28.00149496142691, 28.00149496142691, 28.00149496142691, 28.033055648042215, 28.033055648042215, 28.033055648042215, 28.033055648042215, 28.020886993758136, 28.020886993758136, 28.020886993758136, 28.020886993758136, 28.042566141796478, 28.042566141796478, 28.042566141796478, 28.042566141796478, 28.048562594635754, 28.048562594635754, 28.048562594635754, 28.048562594635754, 28.02704865187973, 28.02704865187973, 28.02704865187973, 28.02704865187973, 28.034649527410625, 28.034649527410625, 28.034649527410625, 28.034649527410625, 28.012225882594667, 28.012225882594667, 28.012225882594667, 28.012225882594667, 28.04223737976606, 28.04223737976606, 28.04223737976606, 28.04223737976606, 28.045836400743134, 28.045836400743134, 28.045836400743134, 28.045836400743134, 28.029761109561697, 28.029761109561697, 28.029761109561697, 28.029761109561697, 28.049721091747823, 28.049721091747823, 28.049721091747823, 28.049721091747823, 28.040307174486813, 28.040307174486813, 28.040307174486813, 28.040307174486813, 28.056247941989607, 28.056247941989607, 28.056247941989607, 28.056247941989607, 28.054062098912706, 28.054062098912706, 28.054062098912706, 28.054062098912706, 28.04297004832199, 28.04297004832199, 28.04297004832199, 28.04297004832199, 28.07978581706599, 28.07978581706599, 28.07978581706599, 28.07978581706599, 28.043455771036708, 28.043455771036708, 28.043455771036708, 28.043455771036708, 28.06368458376051, 28.06368458376051, 28.06368458376051, 28.06368458376051, 28.02471238719953, 28.02471238719953, 28.02471238719953, 28.02471238719953, 28.039536316920287, 28.039536316920287, 28.039536316920287, 28.039536316920287, 28.038122941271556, 28.038122941271556, 28.038122941271556, 28.038122941271556, 28.044170660574743, 28.044170660574743, 28.044170660574743, 28.044170660574743, 28.028648183289157, 28.028648183289157, 28.028648183289157, 28.028648183289157, 28.052629178142134, 28.052629178142134, 28.052629178142134, 28.052629178142134, 